country_name,total_medals,total_gold_medals,total_silver_medals,total_bronze_medals,total_summer_medals,total_winter_medals,total_team_medals,total_doubles_medals,total_individual_medals,total_mens_medals,total_womens_medals,total_mixed_medals,gdp,population,avg_summer_medals_per_year,avg_winter_medals_per_year,summer_individual_medals,summer_doubles_medals,summer_team_medals,winter_individual_medals,winter_doubles_medals,winter_team_medals,avg_summer_individual_medals_per_year,avg_summer_doubles_medals_per_year,avg_summer_team_medals_per_year,avg_winter_individual_medals_per_year,avg_winter_doubles_medals_per_year,avg_winter_team_medals_per_year,gdp_per_capita,medals_per_million
Afghanistan,2,0,0,2,2,0,0,0,2,0,0,0,17233051620.0,41454761.0,0.06666666666666667,0.0,2,0,0,0,0,0,0.06666666666666667,0.0,0.0,0.0,0.0,0.0,415707417.0563907,4.8245363180359426e-08
Algeria,17,5,4,8,17,0,0,0,17,0,0,0,247626000000.0,46164219.0,0.5666666666666667,0.0,17,0,0,0,0,0,0.5666666666666667,0.0,0.0,0.0,0.0,0.0,5364024462.322215,3.6825057085878567e-07
Argentina,77,21,26,30,77,0,1,2,74,0,0,0,646075000000.0,45538401.0,2.566666666666667,0.0,74,2,1,0,0,0,2.466666666666667,0.06666666666666667,0.03333333333333333,0.0,0.0,0.0,14187476630.98667,1.6908806262213731e-06
Armenia,18,2,8,8,18,0,0,0,18,0,0,0,24085749592.0,2943393.0,0.6,0.0,18,0,0,0,0,0,0.6,0.0,0.0,0.0,0.0,0.0,8182987997.865049,6.1153913187943305e-06
Australasia,12,3,4,5,12,0,0,0,12,0,0,0,104450000000.0,11331265.0,0.4,0.0,12,0,0,0,0,0,0.4,0.0,0.0,0.0,0.0,0.0,9217858729.806425,1.0590167999777606e-06
Australia,565,170,180,215,546,19,19,5,541,0,0,0,1728060000000.0,26451124.0,18.2,0.8260869565217391,522,5,19,19,0,0,17.4,0.16666666666666666,0.6333333333333333,0.8260869565217391,0.0,0.0,65330305056.2237,2.1360150895667044e-05
Austria,342,90,121,131,211,131,20,11,311,0,0,0,511685000000.0,9130429.0,7.033333333333333,5.695652173913044,200,6,5,111,5,15,6.666666666666667,0.2,0.16666666666666666,4.826086956521739,0.21739130434782608,0.6521739130434783,56041725969.28359,3.7457166580015024e-05
Azerbaijan,50,7,14,29,50,0,0,0,50,0,0,0,72356176471.0,10318207.0,1.6666666666666667,0.0,50,0,0,0,0,0,1.6666666666666667,0.0,0.0,0.0,0.0,0.0,7012475759.693521,4.84580315165222e-06
Bahamas,16,8,2,6,16,0,0,0,16,0,0,0,14338500000.0,399440.0,0.5333333333333333,0.0,16,0,0,0,0,0,0.5333333333333333,0.0,0.0,0.0,0.0,0.0,35896505107.15001,4.005607850991388e-05
Bahrain,4,2,2,0,4,0,0,0,4,0,0,0,46079867021.0,1569666.0,0.13333333333333333,0.0,4,0,0,0,0,0,0.13333333333333333,0.0,0.0,0.0,0.0,0.0,29356479035.030384,2.548312825785868e-06
Barbados,1,0,0,1,1,0,0,0,1,0,0,0,6720733200.0,282336.0,0.03333333333333333,0.0,1,0,0,0,0,0,0.03333333333333333,0.0,0.0,0.0,0.0,0.0,23804024991.49949,3.5418791794174317e-06
Belarus,105,21,37,47,85,20,0,1,104,0,0,0,71857382746.0,9115680.0,2.8333333333333335,0.8695652173913043,84,1,0,20,0,0,2.8,0.03333333333333333,0.0,0.8695652173913043,0.0,0.0,7882832958.813824,1.1518614080353852e-05
Belgium,164,45,58,61,160,4,26,1,137,0,0,0,644783000000.0,11712893.0,5.333333333333333,0.17391304347826086,133,1,26,4,0,0,4.433333333333334,0.03333333333333333,0.8666666666666667,0.17391304347826086,0.0,0.0,55048996008.07418,1.4001664661326625e-05
Bermuda,2,1,0,1,2,0,0,0,2,0,0,0,104450000000.0,11331265.0,0.06666666666666667,0.0,2,0,0,0,0,0,0.06666666666666667,0.0,0.0,0.0,0.0,0.0,9217858729.806425,1.7650279999629343e-07
Bohemia,4,0,1,3,4,0,1,0,3,0,0,0,104450000000.0,11331265.0,0.13333333333333333,0.0,3,0,1,0,0,0,0.1,0.0,0.03333333333333333,0.0,0.0,0.0,9217858729.806425,3.5300559999258686e-07
Botswana,2,0,1,1,2,0,0,0,2,0,0,0,19396084498.0,2480244.0,0.06666666666666667,0.0,2,0,0,0,0,0,0.06666666666666667,0.0,0.0,0.0,0.0,0.0,7820232403.747374,8.063722762760438e-07
Brazil,149,36,42,71,149,0,3,1,145,0,0,0,2173670000000.0,211140729.0,4.966666666666667,0.0,145,1,3,0,0,0,4.833333333333333,0.03333333333333333,0.1,0.0,0.0,0.0,10294887255.030743,7.056904686542026e-07
Bulgaria,230,55,90,85,225,5,1,0,229,0,0,0,102408000000.0,6795803.0,7.5,0.21739130434782608,224,0,1,5,0,0,7.466666666666667,0.0,0.03333333333333333,0.21739130434782608,0.0,0.0,15069300861.134438,3.3844418385877284e-05
Burkina Faso,1,0,0,1,1,0,0,0,1,0,0,0,20324617845.0,23025776.0,0.03333333333333333,0.0,1,0,0,0,0,0,0.03333333333333333,0.0,0.0,0.0,0.0,0.0,882689810.1067256,4.342958951741735e-08
Burundi,2,1,1,0,2,0,0,0,2,0,0,0,2642161669.0,13689450.0,0.06666666666666667,0.0,2,0,0,0,0,0,0.06666666666666667,0.0,0.0,0.0,0.0,0.0,193007145.57560748,1.4609790751271965e-07
Cameroon,6,3,1,2,6,0,0,0,6,0,0,0,49279410983.0,28372687.0,0.2,0.0,6,0,0,0,0,0,0.2,0.0,0.0,0.0,0.0,0.0,1736860910.741376,2.1147098263904296e-07
Canada,548,148,178,222,373,175,22,2,524,0,0,0,2142470000000.0,39299105.0,12.433333333333334,7.608695652173913,361,1,11,163,1,11,12.033333333333333,0.03333333333333333,0.36666666666666664,7.086956521739131,0.043478260869565216,0.4782608695652174,54517017626.737305,1.394433791812816e-05
Chile,13,2,7,4,13,0,1,1,11,0,0,0,335533000000.0,19658835.0,0.43333333333333335,0.0,11,1,1,0,0,0,0.36666666666666664,0.03333333333333333,0.03333333333333333,0.0,0.0,0.0,17067796743.805012,6.612802844115635e-07
Chinese Taipei,36,7,11,18,36,0,4,2,30,0,0,0,104450000000.0,11331265.0,1.2,0.0,30,2,4,0,0,0,1.0,0.06666666666666667,0.13333333333333333,0.0,0.0,0.0,9217858729.806425,3.177050399933282e-06
Colombia,33,5,13,15,33,0,0,0,33,0,0,0,363494000000.0,52321152.0,1.1,0.0,33,0,0,0,0,0,1.1,0.0,0.0,0.0,0.0,0.0,6947362321.074276,6.307200575400175e-07
Costa Rica,4,1,1,2,4,0,0,0,4,0,0,0,86497941439.0,5105525.0,0.13333333333333333,0.0,4,0,0,0,0,0,0.13333333333333333,0.0,0.0,0.0,0.0,0.0,16942026811.93413,7.834649717707777e-07
Croatia,52,18,19,15,41,11,0,4,48,0,0,0,84393795502.0,3896023.0,1.3666666666666667,0.4782608695652174,37,4,0,11,0,0,1.2333333333333334,0.13333333333333333,0.0,0.4782608695652174,0.0,0.0,21661523944.28883,1.3346943793709637e-05
Cuba,235,84,69,82,235,0,3,0,232,0,0,0,104450000000.0,11331265.0,7.833333333333333,0.0,232,0,3,0,0,0,7.733333333333333,0.0,0.1,0.0,0.0,0.0,9217858729.806425,2.0739078999564478e-05
Cyprus,1,0,1,0,1,0,0,0,1,0,0,0,33886930712.0,1344976.0,0.03333333333333333,0.0,1,0,0,0,0,0,0.03333333333333333,0.0,0.0,0.0,0.0,0.0,25195193603.454636,7.435076908435541e-07
Czech Republic,100,29,32,39,67,33,0,5,95,0,0,0,104450000000.0,11331265.0,2.2333333333333334,1.434782608695652,62,5,0,33,0,0,2.066666666666667,0.16666666666666666,0.0,1.434782608695652,0.0,0.0,9217858729.806425,8.825139999814672e-06
Czechoslovakia,166,50,57,59,166,0,11,3,152,0,0,0,104450000000.0,11331265.0,5.533333333333333,0.0,152,3,11,0,0,0,5.066666666666666,0.1,0.36666666666666664,0.0,0.0,0.0,9217858729.806425,1.4649732399692356e-05
CÃ´te d'Ivoire,1,0,0,1,1,0,0,0,1,0,0,0,78875489245.0,31165654.0,0.03333333333333333,0.0,1,0,0,0,0,0,0.03333333333333333,0.0,0.0,0.0,0.0,0.0,2530846593.0155034,3.20866040545788e-08
Democratic People's Republic of Korea,56,16,17,23,56,0,0,1,55,0,0,0,104450000000.0,11331265.0,1.8666666666666667,0.0,55,1,0,0,0,0,1.8333333333333333,0.03333333333333333,0.0,0.0,0.0,0.0,9217858729.806425,4.9420783998962165e-06
Denmark,206,48,78,80,205,1,15,5,186,0,0,0,407092000000.0,5948136.0,6.833333333333333,0.043478260869565216,185,5,15,1,0,0,6.166666666666667,0.16666666666666666,0.5,0.043478260869565216,0.0,0.0,68440264311.37418,3.463269837811375e-05
Djibouti,1,0,0,1,1,0,0,0,1,0,0,0,104450000000.0,11331265.0,0.03333333333333333,0.0,1,0,0,0,0,0,0.03333333333333333,0.0,0.0,0.0,0.0,0.0,9217858729.806425,8.825139999814671e-08
Dominican Republic,12,3,5,4,12,0,0,0,12,0,0,0,121444000000.0,11331265.0,0.4,0.0,12,0,0,0,0,0,0.4,0.0,0.0,0.0,0.0,0.0,10717603021.37493,1.0590167999777606e-06
Ecuador,5,3,2,0,5,0,0,0,5,0,0,0,118845000000.0,17980083.0,0.16666666666666666,0.0,5,0,0,0,0,0,0.16666666666666666,0.0,0.0,0.0,0.0,0.0,6609813758.92425,2.780854793606904e-07
Egypt,36,8,10,18,36,0,0,0,36,0,0,0,396002000000.0,114535772.0,1.2,0.0,36,0,0,0,0,0,1.2,0.0,0.0,0.0,0.0,0.0,3457452576.475409,3.143122831529e-07
Eritrea,1,0,0,1,1,0,0,0,1,0,0,0,104450000000.0,11331265.0,0.03333333333333333,0.0,1,0,0,0,0,0,0.03333333333333333,0.0,0.0,0.0,0.0,0.0,9217858729.806425,8.825139999814671e-08
Estonia,44,14,11,19,36,8,1,0,43,0,0,0,41291245222.0,1367196.0,1.2,0.34782608695652173,35,0,1,8,0,0,1.1666666666666667,0.0,0.03333333333333333,0.34782608695652173,0.0,0.0,30201408738.76167,3.218265705868069e-05
Ethiopia,57,23,12,22,57,0,0,0,57,0,0,0,163698000000.0,128691692.0,1.9,0.0,57,0,0,0,0,0,1.9,0.0,0.0,0.0,0.0,0.0,1272016844.7237449,4.429190347423515e-07
Federal Republic of Germany,242,67,82,93,242,0,27,5,210,0,0,0,104450000000.0,11331265.0,8.066666666666666,0.0,210,5,27,0,0,0,7.0,0.16666666666666666,0.9,0.0,0.0,0.0,9217858729.806425,2.1356838799551505e-05
Fiji,3,2,0,1,3,0,0,0,3,0,0,0,5442046565.0,924145.0,0.1,0.0,3,0,0,0,0,0,0.1,0.0,0.0,0.0,0.0,0.0,5888736686.342511,3.2462438253737236e-06
Finland,477,144,150,183,419,58,31,0,446,0,0,0,295532000000.0,5601185.0,13.966666666666667,2.5217391304347827,397,0,22,49,0,9,13.233333333333333,0.0,0.7333333333333333,2.130434782608696,0.0,0.391304347826087,52762406526.4761,8.516055084772241e-05
France,880,261,289,330,792,88,102,12,766,0,0,0,3051830000000.0,66438822.0,26.4,3.8260869565217392,680,12,100,86,0,2,22.666666666666668,0.4,3.3333333333333335,3.739130434782609,0.0,0.08695652173913043,45934438753.29397,1.3245267954931531e-05
Gabon,1,0,1,0,1,0,0,0,1,0,0,0,19388402542.0,2484789.0,0.03333333333333333,0.0,1,0,0,0,0,0,0.03333333333333333,0.0,0.0,0.0,0.0,0.0,7802836595.783384,4.024486586184984e-07
Georgia,40,10,12,18,40,0,0,0,40,0,0,0,30777833585.0,3807492.0,1.3333333333333333,0.0,40,0,0,0,0,0,1.3333333333333333,0.0,0.0,0.0,0.0,0.0,8083492646.8657055,1.0505603163447224e-05
German Democratic Republic (Germany),519,192,165,162,519,0,15,8,496,0,0,0,104450000000.0,11331265.0,17.3,0.0,496,8,15,0,0,0,16.533333333333335,0.26666666666666666,0.5,0.0,0.0,0.0,9217858729.806425,4.580247659903815e-05
Germany,1045,337,361,347,820,225,93,17,935,0,0,0,4525700000000.0,84548231.0,27.333333333333332,9.782608695652174,742,7,71,193,10,22,24.733333333333334,0.23333333333333334,2.3666666666666667,8.391304347826088,0.43478260869565216,0.9565217391304348,53528027097.33809,1.235980916028864e-05
Ghana,5,0,1,4,5,0,0,0,5,0,0,0,76370396722.0,33787914.0,0.16666666666666666,0.0,5,0,0,0,0,0,0.16666666666666666,0.0,0.0,0.0,0.0,0.0,2260287412.8897095,1.4798190856055808e-07
Great Britain,945,294,322,329,926,19,72,27,846,0,0,0,104450000000.0,11331265.0,30.866666666666667,0.8260869565217391,827,27,72,19,0,0,27.566666666666666,0.9,2.4,0.8260869565217391,0.0,0.0,9217858729.806425,8.339757299824865e-05
Greece,121,35,45,41,121,0,3,1,117,0,0,0,243498000000.0,10242908.0,4.033333333333333,0.0,117,1,3,0,0,0,3.9,0.03333333333333333,0.1,0.0,0.0,0.0,23772350586.376446,1.1813051527944994e-05
Grenada,3,1,1,1,3,0,0,0,3,0,0,0,1316733333.0,117081.0,0.1,0.0,3,0,0,0,0,0,0.1,0.0,0.0,0.0,0.0,0.0,11246345120.045097,2.562328644271914e-05
Guatemala,1,0,1,0,1,0,0,0,1,0,0,0,104450000000.0,18124838.0,0.03333333333333333,0.0,1,0,0,0,0,0,0.03333333333333333,0.0,0.0,0.0,0.0,0.0,5762810128.289146,5.5172906924740514e-08
Guyana,1,0,0,1,1,0,0,0,1,0,0,0,17159509565.0,826353.0,0.03333333333333333,0.0,1,0,0,0,0,0,0.03333333333333333,0.0,0.0,0.0,0.0,0.0,20765350358.74499,1.2101365881167008e-06
Haiti,2,0,1,1,2,0,1,0,1,0,0,0,19850829758.0,11637398.0,0.06666666666666667,0.0,1,0,1,0,0,0,0.03333333333333333,0.0,0.03333333333333333,0.0,0.0,0.0,1705779054.5618532,1.7185972328178516e-07
"Hong Kong, China",9,2,3,4,9,0,1,1,7,0,0,0,104450000000.0,11331265.0,0.3,0.0,7,1,1,0,0,0,0.23333333333333334,0.03333333333333333,0.03333333333333333,0.0,0.0,0.0,9217858729.806425,7.942625999833205e-07
Hungary,519,183,155,181,515,4,54,0,465,0,0,0,212389000000.0,9686463.0,17.166666666666668,0.17391304347826086,462,0,53,3,0,1,15.4,0.0,1.7666666666666666,0.13043478260869565,0.0,0.043478260869565216,21926372918.577194,5.3579929020531026e-05
Iceland,4,0,2,2,4,0,0,0,4,0,0,0,31325116556.0,387558.0,0.13333333333333333,0.0,4,0,0,0,0,0,0.13333333333333333,0.0,0.0,0.0,0.0,0.0,80826912503.41884,1.032103581915481e-05
Independent Olympic Athletes,5,1,1,3,5,0,0,0,5,0,0,0,104450000000.0,11331265.0,0.16666666666666666,0.0,5,0,0,0,0,0,0.16666666666666666,0.0,0.0,0.0,0.0,0.0,9217858729.806425,4.412569999907336e-07
India,35,10,9,16,35,0,0,0,35,0,0,0,3567550000000.0,1438069596.0,1.1666666666666667,0.0,35,0,0,0,0,0,1.1666666666666667,0.0,0.0,0.0,0.0,0.0,2480790922.7224913,2.4338182308667625e-08
Indonesia,37,8,14,15,37,0,1,10,26,0,0,0,1371170000000.0,281190067.0,1.2333333333333334,0.0,26,10,1,0,0,0,0.8666666666666667,0.3333333333333333,0.03333333333333333,0.0,0.0,0.0,4876310228.981168,1.315835953764327e-07
Iraq,1,0,0,1,1,0,0,0,1,0,0,0,250843000000.0,45074049.0,0.03333333333333333,0.0,1,0,0,0,0,0,0.03333333333333333,0.0,0.0,0.0,0.0,0.0,5565131279.863498,2.2185714888848792e-08
Ireland,35,11,10,14,35,0,0,0,35,0,0,0,551395000000.0,5196630.0,1.1666666666666667,0.0,35,0,0,0,0,0,1.1666666666666667,0.0,0.0,0.0,0.0,0.0,106106265021.75449,6.735134115763485e-06
Islamic Republic of Iran,76,23,24,29,76,0,0,0,76,0,0,0,104450000000.0,11331265.0,2.533333333333333,0.0,76,0,0,0,0,0,2.533333333333333,0.0,0.0,0.0,0.0,0.0,9217858729.806425,6.707106399859151e-06
Israel,13,3,1,9,13,0,1,0,12,0,0,0,513611000000.0,9256314.0,0.43333333333333335,0.0,12,0,1,0,0,0,0.4,0.0,0.03333333333333333,0.0,0.0,0.0,55487637951.78081,1.4044467376538869e-06
Italy,755,258,229,268,661,94,102,8,645,0,0,0,2300940000000.0,59499453.0,22.033333333333335,4.086956521739131,558,4,99,87,4,3,18.6,0.13333333333333333,3.3,3.782608695652174,0.17391304347826086,0.13043478260869565,38671616023.09184,1.2689192285515633e-05
Ivory Coast,3,1,1,1,3,0,0,0,3,0,0,0,104450000000.0,11331265.0,0.1,0.0,3,0,0,0,0,0,0.1,0.0,0.0,0.0,0.0,0.0,9217858729.806425,2.6475419999444016e-07
Jamaica,86,26,36,24,86,0,0,0,86,0,0,0,19423355409.0,2839786.0,2.8666666666666667,0.0,86,0,0,0,0,0,2.8666666666666667,0.0,0.0,0.0,0.0,0.0,6839725038.788134,3.0283972102123188e-05
Japan,572,186,177,209,510,62,40,5,527,0,0,0,4204490000000.0,124370947.0,17.0,2.6956521739130435,474,5,31,53,0,9,15.8,0.16666666666666666,1.0333333333333334,2.3043478260869565,0.0,0.391304347826087,33806046359.04236,4.599144846907051e-06
Jordan,3,1,1,1,3,0,0,0,3,0,0,0,50967475352.0,11439213.0,0.1,0.0,3,0,0,0,0,0,0.1,0.0,0.0,0.0,0.0,0.0,4455505405.135825,2.6225580378650174e-07
Kazakhstan,80,16,24,40,72,8,0,0,80,0,0,0,262642000000.0,20330104.0,2.4,0.34782608695652173,72,0,0,8,0,0,2.4,0.0,0.0,0.34782608695652173,0.0,0.0,12918871443.058039,3.935051193048496e-06
Kenya,112,35,42,35,112,0,0,0,112,0,0,0,108039000000.0,55339003.0,3.7333333333333334,0.0,112,0,0,0,0,0,3.7333333333333334,0.0,0.0,0.0,0.0,0.0,1952312006.7775705,2.023889010071251e-06
Kosovo,3,3,0,0,3,0,0,0,3,0,0,0,104450000000.0,11331265.0,0.1,0.0,3,0,0,0,0,0,0.1,0.0,0.0,0.0,0.0,0.0,9217858729.806425,2.6475419999444016e-07
Kuwait,3,0,0,3,3,0,0,0,3,0,0,0,163705000000.0,4838782.0,0.1,0.0,3,0,0,0,0,0,0.1,0.0,0.0,0.0,0.0,0.0,33831860993.11769,6.199907332051744e-07
Kyrgyzstan,7,0,3,4,7,0,0,0,7,0,0,0,13987627909.0,7073516.0,0.23333333333333334,0.0,7,0,0,0,0,0,0.23333333333333334,0.0,0.0,0.0,0.0,0.0,1977464659.5837204,9.896068659489848e-07
Latvia,31,5,14,12,21,10,2,2,27,0,0,0,42247850065.0,1882396.0,0.7,0.43478260869565216,21,0,0,6,2,2,0.7,0.0,0.0,0.2608695652173913,0.08695652173913043,0.08695652173913043,22443656948.378555,1.6468373285961084e-05
Lebanon,4,0,2,2,4,0,0,0,4,0,0,0,104450000000.0,11331265.0,0.13333333333333333,0.0,4,0,0,0,0,0,0.13333333333333333,0.0,0.0,0.0,0.0,0.0,9217858729.806425,3.5300559999258686e-07
Liechtenstein,10,2,2,6,9,1,0,0,10,0,0,0,104450000000.0,11331265.0,0.3,0.043478260869565216,9,0,0,1,0,0,0.3,0.0,0.0,0.043478260869565216,0.0,0.0,9217858729.806425,8.825139999814672e-07
Lithuania,26,6,7,13,26,0,0,0,26,0,0,0,79789877416.0,2854099.0,0.8666666666666667,0.0,26,0,0,0,0,0,0.8666666666666667,0.0,0.0,0.0,0.0,0.0,27956240276.178226,9.109705024247582e-06
Luxembourg,5,2,3,0,5,0,0,0,5,0,0,0,85755006124.0,665098.0,0.16666666666666666,0.0,5,0,0,0,0,0,0.16666666666666666,0.0,0.0,0.0,0.0,0.0,128935895347.75327,7.5176891225052545e-06
MIX,25,11,6,8,25,0,4,6,15,0,0,0,104450000000.0,11331265.0,0.8333333333333334,0.0,15,6,4,0,0,0,0.5,0.2,0.13333333333333333,0.0,0.0,0.0,9217858729.806425,2.206284999953668e-06
Malaysia,13,0,8,5,13,0,0,5,8,0,0,0,399705000000.0,35126298.0,0.43333333333333335,0.0,8,5,0,0,0,0,0.26666666666666666,0.16666666666666666,0.0,0.0,0.0,0.0,11379081279.786444,3.7009308524342644e-07
Mauritius,1,0,0,1,1,0,0,0,1,0,0,0,14644524819.0,1273588.0,0.03333333333333333,0.0,1,0,0,0,0,0,0.03333333333333333,0.0,0.0,0.0,0.0,0.0,11498635994.528843,7.851832774806295e-07
Mexico,72,13,24,35,72,0,5,0,67,0,0,0,1789110000000.0,129739759.0,2.4,0.0,67,0,5,0,0,0,2.2333333333333334,0.0,0.16666666666666666,0.0,0.0,0.0,13789990160.225286,5.549570968449232e-07
Mongolia,30,2,11,17,30,0,0,0,30,0,0,0,20325121394.0,3431932.0,1.0,0.0,30,0,0,0,0,0,1.0,0.0,0.0,0.0,0.0,0.0,5922355511.12318,8.741431939793679e-06
Montenegro,1,0,1,0,1,0,0,0,1,0,0,0,7530593375.0,633552.0,0.03333333333333333,0.0,1,0,0,0,0,0,0.03333333333333333,0.0,0.0,0.0,0.0,0.0,11886306688.322348,1.578402404222542e-06
Morocco,24,7,5,12,24,0,0,0,24,0,0,0,144417000000.0,37712505.0,0.8,0.0,24,0,0,0,0,0,0.8,0.0,0.0,0.0,0.0,0.0,3829419445.884064,6.363936842699789e-07
Mozambique,2,1,0,1,2,0,0,0,2,0,0,0,20954220984.0,33635160.0,0.06666666666666667,0.0,2,0,0,0,0,0,0.06666666666666667,0.0,0.0,0.0,0.0,0.0,622985619.334054,5.946158722003998e-08
Namibia,5,0,5,0,5,0,0,0,5,0,0,0,12351025067.0,2963095.0,0.16666666666666666,0.0,5,0,0,0,0,0,0.16666666666666666,0.0,0.0,0.0,0.0,0.0,4168285210.902789,1.6874248041321658e-06
Netherlands,467,147,154,166,366,101,32,2,433,0,0,0,1154360000000.0,18092524.0,12.2,4.391304347826087,339,2,25,94,0,7,11.3,0.06666666666666667,0.8333333333333334,4.086956521739131,0.0,0.30434782608695654,63803148748.06854,2.5811766230073813e-05
Netherlands Antilles,1,0,1,0,1,0,0,0,1,0,0,0,104450000000.0,11331265.0,0.03333333333333333,0.0,1,0,0,0,0,0,0.03333333333333333,0.0,0.0,0.0,0.0,0.0,9217858729.806425,8.825139999814671e-08
New Zealand,143,55,35,53,138,5,7,1,135,0,0,0,252176000000.0,5172836.0,4.6,0.21739130434782608,130,1,7,5,0,0,4.333333333333333,0.03333333333333333,0.23333333333333334,0.21739130434782608,0.0,0.0,48750047362.8006,2.7644410145614515e-05
Niger,2,0,1,1,2,0,0,0,2,0,0,0,16819170421.0,26159867.0,0.06666666666666667,0.0,2,0,0,0,0,0,0.06666666666666667,0.0,0.0,0.0,0.0,0.0,642937917.8800871,7.645298808285226e-08
Nigeria,27,3,10,14,27,0,0,0,27,0,0,0,363846000000.0,227882945.0,0.9,0.0,27,0,0,0,0,0,0.9,0.0,0.0,0.0,0.0,0.0,1596635500.7392063,1.1848188112541726e-07
North Macedonia,1,0,1,0,1,0,0,0,1,0,0,0,15763621848.0,1831802.0,0.03333333333333333,0.0,1,0,0,0,0,0,0.03333333333333333,0.0,0.0,0.0,0.0,0.0,8605527151.952013,5.459105296314777e-07
Norway,568,210,183,175,348,220,35,2,531,0,0,0,485311000000.0,5519167.0,11.6,9.565217391304348,331,0,17,200,2,18,11.033333333333333,0.0,0.5666666666666667,8.695652173913043,0.08695652173913043,0.782608695652174,87931928858.10486,0.00010291408105607241
Olympic Athletes from Russia,17,2,6,9,0,17,2,0,15,0,0,0,104450000000.0,11331265.0,0.0,0.7391304347826086,0,0,0,15,0,2,0.0,0.0,0.0,0.6521739130434783,0.0,0.08695652173913043,9217858729.806425,1.5002737999684943e-06
Pakistan,10,3,3,4,10,0,0,0,10,0,0,0,337912000000.0,247504495.0,0.3333333333333333,0.0,10,0,0,0,0,0,0.3333333333333333,0.0,0.0,0.0,0.0,0.0,1365276214.4784482,4.0403306614694006e-08
Panama,3,1,0,2,3,0,0,0,3,0,0,0,83318176900.0,4458759.0,0.1,0.0,3,0,0,0,0,0,0.1,0.0,0.0,0.0,0.0,0.0,18686405096.126522,6.728329564347389e-07
Paraguay,1,0,1,0,1,0,0,0,1,0,0,0,42956263544.0,6844146.0,0.03333333333333333,0.0,1,0,0,0,0,0,0.03333333333333333,0.0,0.0,0.0,0.0,0.0,6276351139.207142,1.4611026708080161e-07
People's Republic of China,711,284,231,196,637,74,41,46,624,0,0,0,104450000000.0,11331265.0,21.233333333333334,3.217391304347826,552,46,39,72,0,2,18.4,1.5333333333333334,1.3,3.130434782608696,0.0,0.08695652173913043,9217858729.806425,6.274674539868232e-05
Peru,4,1,3,0,4,0,0,0,4,0,0,0,267603000000.0,33845617.0,0.13333333333333333,0.0,4,0,0,0,0,0,0.13333333333333333,0.0,0.0,0.0,0.0,0.0,7906577681.831003,1.1818369273634456e-07
Philippines,14,1,5,8,14,0,0,0,14,0,0,0,437146000000.0,114891199.0,0.4666666666666667,0.0,14,0,0,0,0,0,0.4666666666666667,0.0,0.0,0.0,0.0,0.0,3804869335.552848,1.2185441636830684e-07
Poland,321,79,95,147,302,19,30,0,291,0,0,0,809201000000.0,38762844.0,10.066666666666666,0.8260869565217391,276,0,26,15,0,4,9.2,0.0,0.8666666666666667,0.6521739130434783,0.0,0.17391304347826086,20875687036.792244,8.281126121705621e-06
Portugal,28,5,9,14,28,0,4,0,24,0,0,0,289114000000.0,10430738.0,0.9333333333333333,0.0,24,0,4,0,0,0,0.8,0.0,0.13333333333333333,0.0,0.0,0.0,27717501868.036568,2.684373818995358e-06
Puerto Rico,10,2,2,6,10,0,0,0,10,0,0,0,104450000000.0,11331265.0,0.3333333333333333,0.0,10,0,0,0,0,0,0.3333333333333333,0.0,0.0,0.0,0.0,0.0,9217858729.806425,8.825139999814672e-07
Qatar,8,2,1,5,8,0,0,0,8,0,0,0,213003000000.0,2979082.0,0.26666666666666666,0.0,8,0,0,0,0,0,0.26666666666666666,0.0,0.0,0.0,0.0,0.0,71499542476.50786,2.685391003000253e-06
ROC,102,26,40,36,70,32,15,2,85,0,0,0,104450000000.0,11331265.0,2.3333333333333335,1.391304347826087,58,2,10,27,0,5,1.9333333333333333,0.06666666666666667,0.3333333333333333,1.173913043478261,0.0,0.21739130434782608,9217858729.806425,9.001642799810966e-06
Republic of Korea,366,129,121,116,291,75,30,26,310,0,0,0,104450000000.0,11331265.0,9.7,3.260869565217391,237,26,28,73,0,2,7.9,0.8666666666666667,0.9333333333333333,3.1739130434782608,0.0,0.08695652173913043,9217858729.806425,3.23000123993217e-05
Republic of Moldova,6,0,2,4,6,0,0,0,6,0,0,0,104450000000.0,11331265.0,0.2,0.0,6,0,0,0,0,0,0.2,0.0,0.0,0.0,0.0,0.0,9217858729.806425,5.295083999888803e-07
Romania,311,90,98,123,311,0,23,1,287,0,0,0,350776000000.0,19118479.0,10.366666666666667,0.0,287,1,23,0,0,0,9.566666666666666,0.03333333333333333,0.7666666666666667,0.0,0.0,0.0,18347484650.84487,1.626698441858267e-05
Russian Federation,554,197,166,191,434,120,39,3,512,0,0,0,104450000000.0,11331265.0,14.466666666666667,5.217391304347826,400,3,31,112,0,8,13.333333333333334,0.1,1.0333333333333334,4.869565217391305,0.0,0.34782608695652173,9217858729.806425,4.8891275598973286e-05
Samoa,1,0,1,0,1,0,0,0,1,0,0,0,938189444.0,216663.0,0.03333333333333333,0.0,1,0,0,0,0,0,0.03333333333333333,0.0,0.0,0.0,0.0,0.0,4330178406.096103,4.615462723215316e-06
San Marino,3,0,1,2,3,0,1,0,2,0,0,0,104450000000.0,11331265.0,0.1,0.0,2,0,1,0,0,0,0.06666666666666667,0.0,0.03333333333333333,0.0,0.0,0.0,9217858729.806425,2.6475419999444016e-07
Saudi Arabia,4,0,2,2,4,0,1,0,3,0,0,0,1067580000000.0,33264292.0,0.13333333333333333,0.0,3,0,1,0,0,0,0.1,0.0,0.03333333333333333,0.0,0.0,0.0,32093874115.823658,1.2024906467271272e-07
Senegal,1,0,1,0,1,0,0,0,1,0,0,0,30848333084.0,18077573.0,0.03333333333333333,0.0,1,0,0,0,0,0,0.03333333333333333,0.0,0.0,0.0,0.0,0.0,1706442180.2639105,5.5317160107720214e-08
Serbia,24,6,7,11,24,0,0,0,24,0,0,0,81342660752.0,6773201.0,0.8,0.0,24,0,0,0,0,0,0.8,0.0,0.0,0.0,0.0,0.0,12009485729.420994,3.5433763149801697e-06
Serbia and Montenegro,9,2,4,3,9,0,0,0,9,0,0,0,104450000000.0,11331265.0,0.3,0.0,9,0,0,0,0,0,0.3,0.0,0.0,0.0,0.0,0.0,9217858729.806425,7.942625999833205e-07
Singapore,5,1,2,2,5,0,2,0,3,0,0,0,501428000000.0,5789090.0,0.16666666666666666,0.0,3,0,2,0,0,0,0.1,0.0,0.06666666666666667,0.0,0.0,0.0,86616031189.70338,8.636936029669603e-07
Slovakia,42,14,18,10,32,10,0,0,42,0,0,0,132908000000.0,5518055.0,1.0666666666666667,0.43478260869565216,32,0,0,10,0,0,1.0666666666666667,0.0,0.0,0.43478260869565216,0.0,0.0,24086023064.28624,7.611377559665498e-06
Slovenia,52,12,17,23,28,24,3,0,49,0,0,0,69148468417.0,2118396.0,0.9333333333333333,1.0434782608695652,28,0,0,21,0,3,0.9333333333333333,0.0,0.0,0.9130434782608695,0.0,0.13043478260869565,32641899067.502014,2.4546874144399818e-05
South Africa,89,27,33,29,89,0,3,2,84,0,0,0,380699000000.0,63212384.0,2.966666666666667,0.0,84,2,3,0,0,0,2.8,0.06666666666666667,0.1,0.0,0.0,0.0,6022538241.873618,1.4079519608056549e-06
Soviet Union,1204,473,376,355,1204,0,64,1,1139,0,0,0,104450000000.0,11331265.0,40.13333333333333,0.0,1139,1,64,0,0,0,37.96666666666667,0.03333333333333333,2.1333333333333333,0.0,0.0,0.0,9217858729.806425,0.00010625468559776865
Spain,172,49,73,50,169,3,8,7,157,0,0,0,1620090000000.0,47911579.0,5.633333333333334,0.13043478260869565,154,7,8,3,0,0,5.133333333333334,0.23333333333333334,0.26666666666666666,0.13043478260869565,0.0,0.0,33814164212.78873,3.5899463885337615e-06
Sri Lanka,2,0,2,0,2,0,0,0,2,0,0,0,84356863744.0,22971617.0,0.06666666666666667,0.0,2,0,0,0,0,0,0.06666666666666667,0.0,0.0,0.0,0.0,0.0,3672221408.8803587,8.706396245418858e-08
Sudan,1,0,1,0,1,0,0,0,1,0,0,0,109266000000.0,50042791.0,0.03333333333333333,0.0,1,0,0,0,0,0,0.03333333333333333,0.0,0.0,0.0,0.0,0.0,2183451358.658233,1.998289823603164e-08
Suriname,2,1,0,1,2,0,0,0,2,0,0,0,3455146281.0,628886.0,0.06666666666666667,0.0,2,0,0,0,0,0,0.06666666666666667,0.0,0.0,0.0,0.0,0.0,5494074094.5099745,3.1802266229491515e-06
Sweden,671,208,225,238,586,85,66,8,597,0,0,0,584960000000.0,10551494.0,19.533333333333335,3.6956521739130435,520,7,59,77,1,7,17.333333333333332,0.23333333333333334,1.9666666666666666,3.347826086956522,0.043478260869565216,0.30434782608695654,55438594762.03085,6.359289025800517e-05
Switzerland,371,116,126,129,281,90,29,4,338,0,0,0,884940000000.0,8870561.0,9.366666666666667,3.9130434782608696,251,3,27,87,1,2,8.366666666666667,0.1,0.9,3.782608695652174,0.043478260869565216,0.08695652173913043,99761446880.30441,4.182373583812794e-05
Syrian Arab Republic,4,1,1,2,4,0,0,0,4,0,0,0,104450000000.0,11331265.0,0.13333333333333333,0.0,4,0,0,0,0,0,0.13333333333333333,0.0,0.0,0.0,0.0,0.0,9217858729.806425,3.5300559999258686e-07
Tajikistan,4,1,1,2,4,0,0,0,4,0,0,0,12060602009.0,10389799.0,0.13333333333333333,0.0,4,0,0,0,0,0,0.13333333333333333,0.0,0.0,0.0,0.0,0.0,1160811870.27776,3.849930109331278e-07
Thailand,35,10,8,17,35,0,0,0,35,0,0,0,514969000000.0,71702435.0,1.1666666666666667,0.0,35,0,0,0,0,0,1.1666666666666667,0.0,0.0,0.0,0.0,0.0,7182029452.695714,4.881284715086733e-07
The Former Yugoslav Republic of Macedonia,1,0,0,1,1,0,0,0,1,0,0,0,104450000000.0,11331265.0,0.03333333333333333,0.0,1,0,0,0,0,0,0.03333333333333333,0.0,0.0,0.0,0.0,0.0,9217858729.806425,8.825139999814671e-08
Togo,1,0,0,1,1,0,0,0,1,0,0,0,9171261838.0,9304337.0,0.03333333333333333,0.0,1,0,0,0,0,0,0.03333333333333333,0.0,0.0,0.0,0.0,0.0,985697512.6760778,1.0747676056875412e-07
Tonga,1,0,1,0,1,0,0,0,1,0,0,0,104450000000.0,11331265.0,0.03333333333333333,0.0,1,0,0,0,0,0,0.03333333333333333,0.0,0.0,0.0,0.0,0.0,9217858729.806425,8.825139999814671e-08
Trinidad and Tobago,19,3,5,11,19,0,0,0,19,0,0,0,27372285698.0,1502932.0,0.6333333333333333,0.0,19,0,0,0,0,0,0.6333333333333333,0.0,0.0,0.0,0.0,0.0,18212590920.94652,1.2641955856951612e-05
Tunisia,15,5,3,7,15,0,0,0,15,0,0,0,48529595417.0,12200431.0,0.5,0.0,15,0,0,0,0,0,0.5,0.0,0.0,0.0,0.0,0.0,3977695166.424858,1.2294647623514284e-06
Turkey,103,41,26,36,103,0,0,0,103,0,0,0,1118250000000.0,87270501.0,3.433333333333333,0.0,103,0,0,0,0,0,3.433333333333333,0.0,0.0,0.0,0.0,0.0,12813608117.134563,1.180238440478301e-06
Turkmenistan,1,0,1,0,1,0,0,0,1,0,0,0,60628857143.0,7364438.0,0.03333333333333333,0.0,1,0,0,0,0,0,0.03333333333333333,0.0,0.0,0.0,0.0,0.0,8232652259.819419,1.357876867182533e-07
US Virgin Islands,1,0,1,0,1,0,0,0,1,0,0,0,104450000000.0,11331265.0,0.03333333333333333,0.0,1,0,0,0,0,0,0.03333333333333333,0.0,0.0,0.0,0.0,0.0,9217858729.806425,8.825139999814671e-08
Uganda,11,4,4,3,11,0,0,0,11,0,0,0,48768955863.0,48656601.0,0.36666666666666664,0.0,11,0,0,0,0,0,0.36666666666666664,0.0,0.0,0.0,0.0,0.0,1002309139.1648997,2.2607415589921706e-07
Ukraine,148,38,38,72,139,9,9,0,139,0,0,0,178757000000.0,37732836.0,4.633333333333334,0.391304347826087,130,0,9,9,0,0,4.333333333333333,0.0,0.3,0.391304347826087,0.0,0.0,4737438765.535673,3.922313181018252e-06
Unified Team,135,54,44,37,135,0,6,1,128,0,0,0,104450000000.0,11331265.0,4.5,0.0,128,1,6,0,0,0,4.266666666666667,0.03333333333333333,0.2,0.0,0.0,0.0,9217858729.806425,1.1913938999749808e-05
United Arab Emirates,2,1,0,1,2,0,0,0,2,0,0,0,514130000000.0,10642081.0,0.06666666666666667,0.0,2,0,0,0,0,0,0.06666666666666667,0.0,0.0,0.0,0.0,0.0,48311039917.850655,1.87933168334276e-07
United Arab Republic,2,0,1,1,2,0,0,0,2,0,0,0,104450000000.0,11331265.0,0.06666666666666667,0.0,2,0,0,0,0,0,0.06666666666666667,0.0,0.0,0.0,0.0,0.0,9217858729.806425,1.7650279999629343e-07
United Republic of Tanzania,2,0,2,0,2,0,0,0,2,0,0,0,104450000000.0,11331265.0,0.06666666666666667,0.0,2,0,0,0,0,0,0.06666666666666667,0.0,0.0,0.0,0.0,0.0,9217858729.806425,1.7650279999629343e-07
United States of America,2957,1171,954,832,2759,198,122,25,2810,0,0,0,104450000000.0,11331265.0,91.96666666666667,8.608695652173912,2626,21,112,184,4,10,87.53333333333333,0.7,3.7333333333333334,8.0,0.17391304347826086,0.43478260869565216,9217858729.806425,0.00026095938979451986
Uruguay,10,2,2,6,10,0,0,0,10,0,0,0,77240830877.0,3388081.0,0.3333333333333333,0.0,10,0,0,0,0,0,0.3333333333333333,0.0,0.0,0.0,0.0,0.0,22797811173.05047,2.9515232959306465e-06
Uzbekistan,36,11,6,19,35,1,0,0,36,0,0,0,101592000000.0,35652307.0,1.1666666666666667,0.043478260869565216,35,0,0,1,0,0,1.1666666666666667,0.0,0.0,0.043478260869565216,0.0,0.0,2849521070.2634196,1.0097523282294186e-06
Venezuela,19,3,7,9,19,0,0,0,19,0,0,0,104450000000.0,11331265.0,0.6333333333333333,0.0,19,0,0,0,0,0,0.6333333333333333,0.0,0.0,0.0,0.0,0.0,9217858729.806425,1.6767765999647878e-06
Vietnam,4,1,3,0,4,0,0,0,4,0,0,0,429717000000.0,100352192.0,0.13333333333333333,0.0,4,0,0,0,0,0,0.13333333333333333,0.0,0.0,0.0,0.0,0.0,4282088825.72291,3.985961761552752e-08
West Indies Federation,2,0,0,2,2,0,0,0,2,0,0,0,104450000000.0,11331265.0,0.06666666666666667,0.0,2,0,0,0,0,0,0.06666666666666667,0.0,0.0,0.0,0.0,0.0,9217858729.806425,1.7650279999629343e-07
Yugoslavia,87,26,32,29,87,0,2,2,83,0,0,0,104450000000.0,11331265.0,2.9,0.0,83,2,2,0,0,0,2.7666666666666666,0.06666666666666667,0.06666666666666667,0.0,0.0,0.0,9217858729.806425,7.677871799838764e-06
Zambia,2,0,1,1,2,0,0,0,2,0,0,0,27577956471.0,20723965.0,0.06666666666666667,0.0,2,0,0,0,0,0,0.06666666666666667,0.0,0.0,0.0,0.0,0.0,1330727805.7553177,9.650662891970722e-08
Zimbabwe,8,3,4,1,8,0,0,0,8,0,0,0,35231367886.0,16340822.0,0.26666666666666666,0.0,8,0,0,0,0,0,0.26666666666666666,0.0,0.0,0.0,0.0,0.0,2156034004.0421467,4.895714548509249e-07
